Workbook

Sheet WSC A
A1: Fecha | B1: Cuenta | C1: Producto | D1: Neto Agente | E1: Gross Agente | F1: Id_Off | G1: Id_manager | H1: MANAGER | I1: Id_oficial | J1: OFICIAL
F2: =VLOOKUP(B2,BASE!A:F,2,FALSE) -> #N/A | G2: =VLOOKUP(B2,BASE!A:F,3,FALSE) -> #N/A | H2: =VLOOKUP(B2,BASE!A:F,4,FALSE) -> #N/A | I2: =VLOOKUP(B2,BASE!A:F,6,FALSE) -> #N/A | J2: =VLOOKUP(B2,BASE!A:G,7,FALSE) -> #N/A
F3: =VLOOKUP(B3,BASE!A:F,2,FALSE) -> #N/A | G3: =VLOOKUP(B3,BASE!A:F,3,FALSE) -> #N/A | H3: =VLOOKUP(B3,BASE!A:F,4,FALSE) -> #N/A | I3: =VLOOKUP(B3,BASE!A:F,6,FALSE) -> #N/A | J3: =VLOOKUP(B3,BASE!A:G,7,FALSE) -> #N/A
F4: =VLOOKUP(B4,BASE!A:F,2,FALSE) -> #N/A | G4: =VLOOKUP(B4,BASE!A:F,3,FALSE) -> #N/A | H4: =VLOOKUP(B4,BASE!A:F,4,FALSE) -> #N/A | I4: =VLOOKUP(B4,BASE!A:F,6,FALSE) -> #N/A | J4: =VLOOKUP(B4,BASE!A:G,7,FALSE) -> #N/A
F5: =VLOOKUP(B5,BASE!A:F,2,FALSE) -> #N/A | G5: =VLOOKUP(B5,BASE!A:F,3,FALSE) -> #N/A | H5: =VLOOKUP(B5,BASE!A:F,4,FALSE) -> #N/A | I5: =VLOOKUP(B5,BASE!A:F,6,FALSE) -> #N/A | J5: =VLOOKUP(B5,BASE!A:G,7,FALSE) -> #N/A
F6: =VLOOKUP(B6,BASE!A:F,2,FALSE) -> #N/A | G6: =VLOOKUP(B6,BASE!A:F,3,FALSE) -> #N/A | H6: =VLOOKUP(B6,BASE!A:F,4,FALSE) -> #N/A | I6: =VLOOKUP(B6,BASE!A:F,6,FALSE) -> #N/A | J6: =VLOOKUP(B6,BASE!A:G,7,FALSE) -> #N/A
F7: =VLOOKUP(B7,BASE!A:F,2,FALSE) -> #N/A | G7: =VLOOKUP(B7,BASE!A:F,3,FALSE) -> #N/A | H7: =VLOOKUP(B7,BASE!A:F,4,FALSE) -> #N/A | I7: =VLOOKUP(B7,BASE!A:F,6,FALSE) -> #N/A | J7: =VLOOKUP(B7,BASE!A:G,7,FALSE) -> #N/A
F8: =VLOOKUP(B8,BASE!A:F,2,FALSE) -> #N/A | G8: =VLOOKUP(B8,BASE!A:F,3,FALSE) -> #N/A | H8: =VLOOKUP(B8,BASE!A:F,4,FALSE) -> #N/A | I8: =VLOOKUP(B8,BASE!A:F,6,FALSE) -> #N/A | J8: =VLOOKUP(B8,BASE!A:G,7,FALSE) -> #N/A
F9: =VLOOKUP(B9,BASE!A:F,2,FALSE) -> #N/A | G9: =VLOOKUP(B9,BASE!A:F,3,FALSE) -> #N/A | H9: =VLOOKUP(B9,BASE!A:F,4,FALSE) -> #N/A | I9: =VLOOKUP(B9,BASE!A:F,6,FALSE) -> #N/A | J9: =VLOOKUP(B9,BASE!A:G,7,FALSE) -> #N/A
F10: =VLOOKUP(B10,BASE!A:F,2,FALSE) -> #N/A | G10: =VLOOKUP(B10,BASE!A:F,3,FALSE) -> #N/A | H10: =VLOOKUP(B10,BASE!A:F,4,FALSE) -> #N/A | I10: =VLOOKUP(B10,BASE!A:F,6,FALSE) -> #N/A | J10: =VLOOKUP(B10,BASE!A:G,7,FALSE) -> #N/A
F11: =VLOOKUP(B11,BASE!A:F,2,FALSE) -> #N/A | G11: =VLOOKUP(B11,BASE!A:F,3,FALSE) -> #N/A | H11: =VLOOKUP(B11,BASE!A:F,4,FALSE) -> #N/A | I11: =VLOOKUP(B11,BASE!A:F,6,FALSE) -> #N/A | J11: =VLOOKUP(B11,BASE!A:G,7,FALSE) -> #N/A
F12: =VLOOKUP(B12,BASE!A:F,2,FALSE) -> #N/A | G12: =VLOOKUP(B12,BASE!A:F,3,FALSE) -> #N/A | H12: =VLOOKUP(B12,BASE!A:F,4,FALSE) -> #N/A | I12: =VLOOKUP(B12,BASE!A:F,6,FALSE) -> #N/A | J12: =VLOOKUP(B12,BASE!A:G,7,FALSE) -> #N/A
F13: =VLOOKUP(B13,BASE!A:F,2,FALSE) -> #N/A | G13: =VLOOKUP(B13,BASE!A:F,3,FALSE) -> #N/A | H13: =VLOOKUP(B13,BASE!A:F,4,FALSE) -> #N/A | I13: =VLOOKUP(B13,BASE!A:F,6,FALSE) -> #N/A | J13: =VLOOKUP(B13,BASE!A:G,7,FALSE) -> #N/A
... F6428: =VLOOKUP(B6428,BASE!A:F,2,FALSE) -> #N/A | G6428: =VLOOKUP(B6428,BASE!A:F,3,FALSE) -> #N/A | H6428: =VLOOKUP(B6428,BASE!A:F,4,FALSE) -> #N/A | I6428: =VLOOKUP(B6428,BASE!A:F,6,FALSE) -> #N/A | J6428: =VLOOKUP(B6428,BASE!A:G,7,FALSE) -> #N/A

Sheet WSC B
A1: Fecha | B1: Cuenta | C1: Producto | D1: Neto Agente | E1: Gross Agente | F1: Id_Off | G1: Id_manager | H1: MANAGER | I1: Id_oficial | J1: OFICIAL
F2: =VLOOKUP(B2,BASE!A:F,2,FALSE) -> #N/A | G2: =VLOOKUP(B2,BASE!A:F,3,FALSE) -> #N/A | H2: =VLOOKUP(B2,BASE!A:F,4,FALSE) -> #N/A | I2: =VLOOKUP(B2,BASE!A:F,6,FALSE) -> #N/A | J2: =VLOOKUP(B2,BASE!A:G,7,FALSE) -> #N/A
F3: =VLOOKUP(B3,BASE!A:F,2,FALSE) -> #N/A | G3: =VLOOKUP(B3,BASE!A:F,3,FALSE) -> #N/A | H3: =VLOOKUP(B3,BASE!A:F,4,FALSE) -> #N/A | I3: =VLOOKUP(B3,BASE!A:F,6,FALSE) -> #N/A | J3: =VLOOKUP(B3,BASE!A:G,7,FALSE) -> #N/A
F4: =VLOOKUP(B4,BASE!A:F,2,FALSE) -> #N/A | G4: =VLOOKUP(B4,BASE!A:F,3,FALSE) -> #N/A | H4: =VLOOKUP(B4,BASE!A:F,4,FALSE) -> #N/A | I4: =VLOOKUP(B4,BASE!A:F,6,FALSE) -> #N/A | J4: =VLOOKUP(B4,BASE!A:G,7,FALSE) -> #N/A
F5: =VLOOKUP(B5,BASE!A:F,2,FALSE) -> #N/A | G5: =VLOOKUP(B5,BASE!A:F,3,FALSE) -> #N/A | H5: =VLOOKUP(B5,BASE!A:F,4,FALSE) -> #N/A | I5: =VLOOKUP(B5,BASE!A:F,6,FALSE) -> #N/A | J5: =VLOOKUP(B5,BASE!A:G,7,FALSE) -> #N/A
F6: =VLOOKUP(B6,BASE!A:F,2,FALSE) -> #N/A | G6: =VLOOKUP(B6,BASE!A:F,3,FALSE) -> #N/A | H6: =VLOOKUP(B6,BASE!A:F,4,FALSE) -> #N/A | I6: =VLOOKUP(B6,BASE!A:F,6,FALSE) -> #N/A | J6: =VLOOKUP(B6,BASE!A:G,7,FALSE) -> #N/A
F7: =VLOOKUP(B7,BASE!A:F,2,FALSE) -> #N/A | G7: =VLOOKUP(B7,BASE!A:F,3,FALSE) -> #N/A | H7: =VLOOKUP(B7,BASE!A:F,4,FALSE) -> #N/A | I7: =VLOOKUP(B7,BASE!A:F,6,FALSE) -> #N/A | J7: =VLOOKUP(B7,BASE!A:G,7,FALSE) -> #N/A
F8: =VLOOKUP(B8,BASE!A:F,2,FALSE) -> #N/A | G8: =VLOOKUP(B8,BASE!A:F,3,FALSE) -> #N/A | H8: =VLOOKUP(B8,BASE!A:F,4,FALSE) -> #N/A | I8: =VLOOKUP(B8,BASE!A:F,6,FALSE) -> #N/A | J8: =VLOOKUP(B8,BASE!A:G,7,FALSE) -> #N/A
F9: =VLOOKUP(B9,BASE!A:F,2,FALSE) -> #N/A | G9: =VLOOKUP(B9,BASE!A:F,3,FALSE) -> #N/A | H9: =VLOOKUP(B9,BASE!A:F,4,FALSE) -> #N/A | I9: =VLOOKUP(B9,BASE!A:F,6,FALSE) -> #N/A | J9: =VLOOKUP(B9,BASE!A:G,7,FALSE) -> #N/A
F10: =VLOOKUP(B10,BASE!A:F,2,FALSE) -> #N/A | G10: =VLOOKUP(B10,BASE!A:F,3,FALSE) -> #N/A | H10: =VLOOKUP(B10,BASE!A:F,4,FALSE) -> #N/A | I10: =VLOOKUP(B10,BASE!A:F,6,FALSE) -> #N/A | J10: =VLOOKUP(B10,BASE!A:G,7,FALSE) -> #N/A
F11: =VLOOKUP(B11,BASE!A:F,2,FALSE) -> #N/A | G11: =VLOOKUP(B11,BASE!A:F,3,FALSE) -> #N/A | H11: =VLOOKUP(B11,BASE!A:F,4,FALSE) -> #N/A | I11: =VLOOKUP(B11,BASE!A:F,6,FALSE) -> #N/A | J11: =VLOOKUP(B11,BASE!A:G,7,FALSE) -> #N/A
F12: =VLOOKUP(B12,BASE!A:F,2,FALSE) -> #N/A | G12: =VLOOKUP(B12,BASE!A:F,3,FALSE) -> #N/A | H12: =VLOOKUP(B12,BASE!A:F,4,FALSE) -> #N/A | I12: =VLOOKUP(B12,BASE!A:F,6,FALSE) -> #N/A | J12: =VLOOKUP(B12,BASE!A:G,7,FALSE) -> #N/A
F13: =VLOOKUP(B13,BASE!A:F,2,FALSE) -> #N/A | G13: =VLOOKUP(B13,BASE!A:F,3,FALSE) -> #N/A | H13: =VLOOKUP(B13,BASE!A:F,4,FALSE) -> #N/A | I13: =VLOOKUP(B13,BASE!A:F,6,FALSE) -> #N/A | J13: =VLOOKUP(B13,BASE!A:G,7,FALSE) -> #N/A
... F101: =VLOOKUP(B101,BASE!A:F,2,FALSE) -> #N/A | G101: =VLOOKUP(B101,BASE!A:F,3,FALSE) -> #N/A | H101: =VLOOKUP(B101,BASE!A:F,4,FALSE) -> #N/A | I101: =VLOOKUP(B101,BASE!A:F,6,FALSE) -> #N/A | J101: =VLOOKUP(B101,BASE!A:G,7,FALSE) -> #N/A

Sheet INSIGNEO
A1: Fecha | B1: Cuenta | C1: Producto | D1: Neto Agente | E1: Gross Agente | F1: Id_Off | G1: Id_manager | H1: MANAGER | I1: Id_oficial | J1: OFICIAL
F2: =VLOOKUP(B2,BASE!A:F,2,FALSE) -> #N/A | G2: =VLOOKUP(B2,BASE!A:F,3,FALSE) -> #N/A | H2: =VLOOKUP(B2,BASE!A:F,4,FALSE) -> #N/A | I2: =VLOOKUP(B2,BASE!A:F,6,FALSE) -> #N/A | J2: =VLOOKUP(B2,BASE!A:G,7,FALSE) -> #N/A
F3: =VLOOKUP(B3,BASE!A:F,2,FALSE) -> #N/A | G3: =VLOOKUP(B3,BASE!A:F,3,FALSE) -> #N/A | H3: =VLOOKUP(B3,BASE!A:F,4,FALSE) -> #N/A | I3: =VLOOKUP(B3,BASE!A:F,6,FALSE) -> #N/A | J3: =VLOOKUP(B3,BASE!A:G,7,FALSE) -> #N/A
F4: =VLOOKUP(B4,BASE!A:F,2,FALSE) -> #N/A | G4: =VLOOKUP(B4,BASE!A:F,3,FALSE) -> #N/A | H4: =VLOOKUP(B4,BASE!A:F,4,FALSE) -> #N/A | I4: =VLOOKUP(B4,BASE!A:F,6,FALSE) -> #N/A | J4: =VLOOKUP(B4,BASE!A:G,7,FALSE) -> #N/A
F5: =VLOOKUP(B5,BASE!A:F,2,FALSE) -> #N/A | G5: =VLOOKUP(B5,BASE!A:F,3,FALSE) -> #N/A | H5: =VLOOKUP(B5,BASE!A:F,4,FALSE) -> #N/A | I5: =VLOOKUP(B5,BASE!A:F,6,FALSE) -> #N/A | J5: =VLOOKUP(B5,BASE!A:G,7,FALSE) -> #N/A
F6: =VLOOKUP(B6,BASE!A:F,2,FALSE) -> #N/A | G6: =VLOOKUP(B6,BASE!A:F,3,FALSE) -> #N/A | H6: =VLOOKUP(B6,BASE!A:F,4,FALSE) -> #N/A | I6: =VLOOKUP(B6,BASE!A:F,6,FALSE) -> #N/A | J6: =VLOOKUP(B6,BASE!A:G,7,FALSE) -> #N/A
F7: =VLOOKUP(B7,BASE!A:F,2,FALSE) -> #N/A | G7: =VLOOKUP(B7,BASE!A:F,3,FALSE) -> #N/A | H7: =VLOOKUP(B7,BASE!A:F,4,FALSE) -> #N/A | I7: =VLOOKUP(B7,BASE!A:F,6,FALSE) -> #N/A | J7: =VLOOKUP(B7,BASE!A:G,7,FALSE) -> #N/A
F8: =VLOOKUP(B8,BASE!A:F,2,FALSE) -> #N/A | G8: =VLOOKUP(B8,BASE!A:F,3,FALSE) -> #N/A | H8: =VLOOKUP(B8,BASE!A:F,4,FALSE) -> #N/A | I8: =VLOOKUP(B8,BASE!A:F,6,FALSE) -> #N/A | J8: =VLOOKUP(B8,BASE!A:G,7,FALSE) -> #N/A
F9: =VLOOKUP(B9,BASE!A:F,2,FALSE) -> #N/A | G9: =VLOOKUP(B9,BASE!A:F,3,FALSE) -> #N/A | H9: =VLOOKUP(B9,BASE!A:F,4,FALSE) -> #N/A | I9: =VLOOKUP(B9,BASE!A:F,6,FALSE) -> #N/A | J9: =VLOOKUP(B9,BASE!A:G,7,FALSE) -> #N/A
F10: =VLOOKUP(B10,BASE!A:F,2,FALSE) -> #N/A | G10: =VLOOKUP(B10,BASE!A:F,3,FALSE) -> #N/A | H10: =VLOOKUP(B10,BASE!A:F,4,FALSE) -> #N/A | I10: =VLOOKUP(B10,BASE!A:F,6,FALSE) -> #N/A | J10: =VLOOKUP(B10,BASE!A:G,7,FALSE) -> #N/A
F11: =VLOOKUP(B11,BASE!A:F,2,FALSE) -> #N/A | G11: =VLOOKUP(B11,BASE!A:F,3,FALSE) -> #N/A | H11: =VLOOKUP(B11,BASE!A:F,4,FALSE) -> #N/A | I11: =VLOOKUP(B11,BASE!A:F,6,FALSE) -> #N/A | J11: =VLOOKUP(B11,BASE!A:G,7,FALSE) -> #N/A
F12: =VLOOKUP(B12,BASE!A:F,2,FALSE) -> #N/A | G12: =VLOOKUP(B12,BASE!A:F,3,FALSE) -> #N/A | H12: =VLOOKUP(B12,BASE!A:F,4,FALSE) -> #N/A | I12: =VLOOKUP(B12,BASE!A:F,6,FALSE) -> #N/A | J12: =VLOOKUP(B12,BASE!A:G,7,FALSE) -> #N/A
F13: =VLOOKUP(B13,BASE!A:F,2,FALSE) -> #N/A | G13: =VLOOKUP(B13,BASE!A:F,3,FALSE) -> #N/A | H13: =VLOOKUP(B13,BASE!A:F,4,FALSE) -> #N/A | I13: =VLOOKUP(B13,BASE!A:F,6,FALSE) -> #N/A | J13: =VLOOKUP(B13,BASE!A:G,7,FALSE) -> #N/A
... F361: =VLOOKUP(B361,BASE!A:F,2,FALSE) -> #N/A | G361: =VLOOKUP(B361,BASE!A:F,3,FALSE) -> #N/A | H361: =VLOOKUP(B361,BASE!A:F,4,FALSE) -> #N/A | I361: =VLOOKUP(B361,BASE!A:F,6,FALSE) -> #N/A | J361: =VLOOKUP(B361,BASE!A:G,7,FALSE) -> #N/A

Sheet BASE
A1: CUENTA | B1: Id_Off | C1: Id_manager | D1: MANAGER | E1: NRO CN | F1: Id_oficial | G1: OFICIAL
A2: JQQ003272 | B2: 1 | C2: 25 | D2: =VLOOKUP(C2,manager!A:B,2) -> Goyheneix Esteban | E2: 9 | F2: 19 | G2: =VLOOKUP(F2,oficial!A:B,2) -> TOMAS VODANOVICH
A3: JQX006798 | B3: 2 | C3: 44 | D3: =VLOOKUP(C3,manager!A:B,2) -> Santiago Acuña | E3: 123 | F3: 96 | G3: =VLOOKUP(F3,oficial!A:B,2) -> TOMAS VODANOVICH
A4: JQX005907 | B4: 4 | C4: 7 | D4: =VLOOKUP(C4,manager!A:B,2) -> Travella Maximo | E4: 63 | F4: 96 | G4: =VLOOKUP(F4,oficial!A:B,2) -> TOMAS VODANOVICH
A5: JQX010238 | B5: 6 | C5: 13 | D5: =VLOOKUP(C5,manager!A:B,2) -> Linares Facundo | E5: 257 | F5: 15 | G5: =VLOOKUP(F5,oficial!A:B,2) -> TOBIAS MIRANDA
A6: JQX002086 | B6: 8 | C6: 49 | D6: =VLOOKUP(C6,manager!A:B,2) -> Carriquiri Ignacio | E6: 3 | F6: 96 | G6: =VLOOKUP(F6,oficial!A:B,2) -> TOMAS VODANOVICH
A7: JQX011541 | B7: 9 | C7: 49 | D7: =VLOOKUP(C7,manager!A:B,2) -> Carriquiri Ignacio | E7: 298 | F7: 96 | G7: =VLOOKUP(F7,oficial!A:B,2) -> TOMAS VODANOVICH
A8: 85997084 | B8: 10 | C8: 49 | D8: =VLOOKUP(C8,manager!A:B,2) -> Carriquiri Ignacio | E8: 179 | F8: 96 | G8: =VLOOKUP(F8,oficial!A:B,2) -> TOMAS VODANOVICH
A9: JQX009107 | B9: 12 | C9: 49 | D9: =VLOOKUP(C9,manager!A:B,2) -> Carriquiri Ignacio | E9: 204 | F9: 96 | G9: =VLOOKUP(F9,oficial!A:B,2) -> TOMAS VODANOVICH
A10: JQX005519 | B10: 14 | C10: 13 | D10: =VLOOKUP(C10,manager!A:B,2) -> Linares Facundo | E10: 15 | F10: 15 | G10: =VLOOKUP(F10,oficial!A:B,2) -> TOBIAS MIRANDA
A11: JQX009396 | B11: 15 | C11: 49 | D11: =VLOOKUP(C11,manager!A:B,2) -> Carriquiri Ignacio | E11: 213 | F11: 96 | G11: =VLOOKUP(F11,oficial!A:B,2) -> TOMAS VODANOVICH
A12: JQX001690 | B12: 16 | C12: 25 | D12: =VLOOKUP(C12,manager!A:B,2) -> Goyheneix Esteban | E12: 105 | F12: 19 | G12: =VLOOKUP(F12,oficial!A:B,2) -> TOMAS VODANOVICH
A13: JQX005352 | B13: 17 | C13: 14 | D13: =VLOOKUP(C13,manager!A:B,2) -> Mieres Lucas | E13: 22 | F13: 19 | G13: =VLOOKUP(F13,oficial!A:B,2) -> TOMAS VODANOVICH
A14: U2508525 | B14: 18 | C14: 25 | D14: =VLOOKUP(C14,manager!A:B,2) -> Goyheneix Esteban | E14: 134 | F14: 96 | G14: =VLOOKUP(F14,oficial!A:B,2) -> TOMAS VODANOVICH
A15: U2502661 | B15: 19 | C15: 25 | D15: =VLOOKUP(C15,manager!A:B,2) -> Goyheneix Esteban | E15: 144 | F15: 96 | G15: =VLOOKUP(F15,oficial!A:B,2) -> TOMAS VODANOVICH
A16: JQX003100 | B16: 20 | C16: 25 | D16: =VLOOKUP(C16,manager!A:B,2) -> Goyheneix Esteban | E16: 50 | F16: 96 | G16: =VLOOKUP(F16,oficial!A:B,2) -> TOMAS VODANOVICH
A17: JQX010782 | B17: 21 | C17: 25 | D17: =VLOOKUP(C17,manager!A:B,2) -> Goyheneix Esteban | E17: 279 | F17: 15 | G17: =VLOOKUP(F17,oficial!A:B,2) -> TOBIAS MIRANDA
A18: JQX004264 | B18: 22 | C18: 25 | D18: =VLOOKUP(C18,manager!A:B,2) -> Goyheneix Esteban | E18: 97 | F18: 19 | G18: =VLOOKUP(F18,oficial!A:B,2) -> TOMAS VODANOVICH
A19: JQX009289 | B19: 23 | C19: 49 | D19: =VLOOKUP(C19,manager!A:B,2) -> Carriquiri Ignacio | E19: 209 | F19: 96 | G19: =VLOOKUP(F19,oficial!A:B,2) -> TOMAS VODANOVICH
A20: JQX002185 | B20: 24 | C20: 25 | D20: =VLOOKUP(C20,manager!A:B,2) -> Goyheneix Esteban | E20: 75 | F20: 19 | G20: =VLOOKUP(F20,oficial!A:B,2) -> TOMAS VODANOVICH
... A157: JQX006962 | B157: 222 | C157: 25 | D157: =VLOOKUP(C157,manager!A:B,2) -> Goyheneix Esteban | E157: 136 | F157: 96 | G157: =VLOOKUP(F157,oficial!A:B,2) -> TOMAS VODANOVICH
A158: 24443734 | B158: 223 | C158: 49 | D158: =VLOOKUP(C158,manager!A:B,2) -> Carriquiri Ignacio | E158: 176 | F158: 96 | G158: =VLOOKUP(F158,oficial!A:B,2) -> TOMAS VODANOVICH
A159: JQX010493 | B159: 226 | C159: 13 | D159: =VLOOKUP(C159,manager!A:B,2) -> Linares Facundo | E159: 267 | F159: 15 | G159: =VLOOKUP(F159,oficial!A:B,2) -> TOBIAS MIRANDA
A160: JQX006814 | B160: 229 | C160: 49 | D160: =VLOOKUP(C160,manager!A:B,2) -> Carriquiri Ignacio | E160: 119 | F160: 96 | G160: =VLOOKUP(F160,oficial!A:B,2) -> TOMAS VODANOVICH
A161: JQX011590 | B161: 230 | C161: 49 | D161: =VLOOKUP(C161,manager!A:B,2) -> Carriquiri Ignacio | E161: 299 | F161: 96 | G161: =VLOOKUP(F161,oficial!A:B,2) -> TOMAS VODANOVICH
A162: JQX006145 | B162: 231 | C162: 25 | D162: =VLOOKUP(C162,manager!A:B,2) -> Goyheneix Esteban | E162: 196 | F162: 96 | G162: =VLOOKUP(F162,oficial!A:B,2) -> TOMAS VODANOVICH
A163: U2911955 | B163: 233 | C163: 49 | D163: =VLOOKUP(C163,manager!A:B,2) -> Carriquiri Ignacio | E163: 139 | F163: 96 | G163: =VLOOKUP(F163,oficial!A:B,2) -> TOMAS VODANOVICH
A164: JQX011913 | B164: 234 | C164: 13 | D164: =VLOOKUP(C164,manager!A:B,2) -> Linares Facundo | E164: 303 | F164: 15 | G164: =VLOOKUP(F164,oficial!A:B,2) -> TOBIAS MIRANDA
A165: JQX009024 | B165: 235 | C165: 117 | D165: =VLOOKUP(C165,manager!A:B,2) -> Nicanor Furlani | E165: 202 | F165: 10 | G165: =VLOOKUP(F165,oficial!A:B,2) -> NICANOR FURLANI
A166: JQX012242 | B166: 236 | C166: 124 | D166: =VLOOKUP(C166,manager!A:B,2) -> Tomas Pistone | E166: 312 | F166: 96 | G166: =VLOOKUP(F166,oficial!A:B,2) -> TOMAS VODANOVICH
A167: 82078314 | B167: 238 | C167: 49 | D167: =VLOOKUP(C167,manager!A:B,2) -> Carriquiri Ignacio | E167: 95 | F167: 96 | G167: =VLOOKUP(F167,oficial!A:B,2) -> TOMAS VODANOVICH
A168: JQX002557 | B168: 239 | C168: 25 | D168: =VLOOKUP(C168,manager!A:B,2) -> Goyheneix Esteban | E168: 114 | F168: 10 | G168: =VLOOKUP(F168,oficial!A:B,2) -> NICANOR FURLANI
A169: U9349624 | B169: 240 | C169: 14 | D169: =VLOOKUP(C169,manager!A:B,2) -> Mieres Lucas | E169: 142 | F169: 96 | G169: =VLOOKUP(F169,oficial!A:B,2) -> TOMAS VODANOVICH
A170: JQX010600 | B170: 241 | C170: 117 | D170: =VLOOKUP(C170,manager!A:B,2) -> Nicanor Furlani | E170: 271 | F170: 10 | G170: =VLOOKUP(F170,oficial!A:B,2) -> NICANOR FURLANI
A171: JQX010584 | B171: 242 | C171: 117 | D171: =VLOOKUP(C171,manager!A:B,2) -> Nicanor Furlani | E171: 272 | F171: 10 | G171: =VLOOKUP(F171,oficial!A:B,2) -> NICANOR FURLANI
A172: TE8015124 | B172: 243 | C172: 136 | D172: =VLOOKUP(C172,manager!A:B,2) -> Tomas Vodanovich | E172: 300 | F172: 19 | G172: =VLOOKUP(F172,oficial!A:B,2) -> TOMAS VODANOVICH
A173: U2608491 | B173: 244 | C173: 14 | D173: =VLOOKUP(C173,manager!A:B,2) -> Mieres Lucas | E173: 151 | F173: 96 | G173: =VLOOKUP(F173,oficial!A:B,2) -> TOMAS VODANOVICH
A174: JQX009925 | B174: 245 | C174: 104 | D174: =VLOOKUP(C174,manager!A:B,2) -> Britos Ramon | E174: 238 | F174: 96 | G174: =VLOOKUP(F174,oficial!A:B,2) -> TOMAS VODANOVICH
A175: JQX006442 | B175: 246 | C175: 25 | D175: =VLOOKUP(C175,manager!A:B,2) -> Goyheneix Esteban | E175: 111 | F175: 10 | G175: =VLOOKUP(F175,oficial!A:B,2) -> NICANOR FURLANI
A176: JQX011236 | B176: 247 | C176: 104 | D176: =VLOOKUP(C176,manager!A:B,2) -> Britos Ramon | E176: 291 | F176: 96 | G176: =VLOOKUP(F176,oficial!A:B,2) -> TOMAS VODANOVICH
A177: 63287330 | B177: 247 | C177: 14 | D177: =VLOOKUP(C177,manager!A:B,2) -> Mieres Lucas | E177: 269 | F177: 10 | G177: =VLOOKUP(F177,oficial!A:B,2) -> NICANOR FURLANI
A178: JQQ003405 | B178: 249 | C178: 25 | D178: =VLOOKUP(C178,manager!A:B,2) -> Goyheneix Esteban | E178: 100 | F178: 10 | G178: =VLOOKUP(F178,oficial!A:B,2) -> NICANOR FURLANI
A179: JQX009875 | B179: 249 | C179: 25 | D179: =VLOOKUP(C179,manager!A:B,2) -> Goyheneix Esteban | E179: 232 | F179: 10 | G179: =VLOOKUP(F179,oficial!A:B,2) -> NICANOR FURLANI
A180: JQX007895 | B180: 250 | C180: 13 | D180: =VLOOKUP(C180,manager!A:B,2) -> Linares Facundo | E180: 172 | F180: 15 | G180: =VLOOKUP(F180,oficial!A:B,2) -> TOBIAS MIRANDA
A181: JQX011335 | B181: 250 | C181: 13 | D181: =VLOOKUP(C181,manager!A:B,2) -> Linares Facundo | E181: 293 | F181: 15 | G181: =VLOOKUP(F181,oficial!A:B,2) -> TOBIAS MIRANDA
A182: JQQ005145 | B182: 251 | C182: 44 | D182: =VLOOKUP(C182,manager!A:B,2) -> Santiago Acuña | E182: 315 | F182: 96 | G182: =VLOOKUP(F182,oficial!A:B,2) -> TOMAS VODANOVICH
A183: JQX005477 | B183: 251 | C183: 44 | D183: =VLOOKUP(C183,manager!A:B,2) -> Santiago Acuña | E183: 20 | F183: 96 | G183: =VLOOKUP(F183,oficial!A:B,2) -> TOMAS VODANOVICH
A184: TE8011578 | B184: 252 | C184: 14 | D184: =VLOOKUP(C184,manager!A:B,2) -> Mieres Lucas | E184: 175 | F184: 96 | G184: =VLOOKUP(F184,oficial!A:B,2) -> TOMAS VODANOVICH
A185: U10750322 | B185: 252 | C185: 25 | D185: =VLOOKUP(C185,manager!A:B,2) -> Goyheneix Esteban | E185: 175B | F185: 96 | G185: =VLOOKUP(F185,oficial!A:B,2) -> TOMAS VODANOVICH
A186: JQX008315 | B186: 253 | C186: 25 | D186: =VLOOKUP(C186,manager!A:B,2) -> Goyheneix Esteban | E186: 186 | F186: 96 | G186: =VLOOKUP(F186,oficial!A:B,2) -> TOMAS VODANOVICH
A187: JQX010618 | B187: 253 | C187: 25 | D187: =VLOOKUP(C187,manager!A:B,2) -> Goyheneix Esteban | E187: 273 | F187: 96 | G187: =VLOOKUP(F187,oficial!A:B,2) -> TOMAS VODANOVICH
A188: JQX007986 | B188: 254 | C188: 14 | D188: =VLOOKUP(C188,manager!A:B,2) -> Mieres Lucas | E188: 173 | F188: 10 | G188: =VLOOKUP(F188,oficial!A:B,2) -> NICANOR FURLANI
A189: 86091746 | B189: 254 | C189: 14 | D189: =VLOOKUP(C189,manager!A:B,2) -> Mieres Lucas | E189: 177 | F189: 10 | G189: =VLOOKUP(F189,oficial!A:B,2) -> NICANOR FURLANI
A190: JQQ003421 | B190: 255 | C190: 25 | D190: =VLOOKUP(C190,manager!A:B,2) -> Goyheneix Esteban | E190: 92 | F190: 10 | G190: =VLOOKUP(F190,oficial!A:B,2) -> NICANOR FURLANI
A191: JQQ003447 | B191: 255 | C191: 25 | D191: =VLOOKUP(C191,manager!A:B,2) -> Goyheneix Esteban | E191: 93 | F191: 10 | G191: =VLOOKUP(F191,oficial!A:B,2) -> NICANOR FURLANI
A192: JQX010279 | B192: 256 | C192: 13 | D192: =VLOOKUP(C192,manager!A:B,2) -> Linares Facundo | E192: 255 | F192: 15 | G192: =VLOOKUP(F192,oficial!A:B,2) -> TOBIAS MIRANDA
A193: JQX010766 | B193: 256 | C193: 13 | D193: =VLOOKUP(C193,manager!A:B,2) -> Linares Facundo | E193: 277 | F193: 15 | G193: =VLOOKUP(F193,oficial!A:B,2) -> TOBIAS MIRANDA
A194: JQX005808 | B194: 257 | C194: 34 | D194: =VLOOKUP(C194,manager!A:B,2) -> Rodriguez Simon Josue | E194: 56 | F194: 96 | G194: =VLOOKUP(F194,oficial!A:B,2) -> TOMAS VODANOVICH
A195: JQX011871 | B195: 257 | C195: 34 | D195: =VLOOKUP(C195,manager!A:B,2) -> Rodriguez Simon Josue | E195: 302 | F195: 96 | G195: =VLOOKUP(F195,oficial!A:B,2) -> TOMAS VODANOVICH
A196: JQX002581 | B196: 258 | C196: 25 | D196: =VLOOKUP(C196,manager!A:B,2) -> Goyheneix Esteban | E196: 103 | F196: 10 | G196: =VLOOKUP(F196,oficial!A:B,2) -> NICANOR FURLANI
A197: JQX003662 | B197: 258 | C197: 25 | D197: =VLOOKUP(C197,manager!A:B,2) -> Goyheneix Esteban | E197: 104 | F197: 10 | G197: =VLOOKUP(F197,oficial!A:B,2) -> NICANOR FURLANI
A198: JQX007119 | B198: 259 | C198: 14 | D198: =VLOOKUP(C198,manager!A:B,2) -> Mieres Lucas | E198: 199 | F198: 10 | G198: =VLOOKUP(F198,oficial!A:B,2) -> NICANOR FURLANI
A199: 86940615 | B199: 259 | C199: 14 | D199: =VLOOKUP(C199,manager!A:B,2) -> Mieres Lucas | E199: 203 | F199: 10 | G199: =VLOOKUP(F199,oficial!A:B,2) -> NICANOR FURLANI
A200: JQX002193 | B200: 260 | C200: 25 | D200: =VLOOKUP(C200,manager!A:B,2) -> Goyheneix Esteban | E200: 72 | F200: 19 | G200: =VLOOKUP(F200,oficial!A:B,2) -> TOMAS VODANOVICH
A201: JQX011350 | B201: 260 | C201: 25 | D201: =VLOOKUP(C201,manager!A:B,2) -> Goyheneix Esteban | E201: 294 | F201: 19 | G201: =VLOOKUP(F201,oficial!A:B,2) -> TOMAS VODANOVICH
A202: JQQ003215 | B202: 261 | C202: 25 | D202: =VLOOKUP(C202,manager!A:B,2) -> Goyheneix Esteban | E202: 115 | F202: 96 | G202: =VLOOKUP(F202,oficial!A:B,2) -> TOMAS VODANOVICH
A203: JQX001807 | B203: 261 | C203: 25 | D203: =VLOOKUP(C203,manager!A:B,2) -> Goyheneix Esteban | E203: 116 | F203: 96 | G203: =VLOOKUP(F203,oficial!A:B,2) -> TOMAS VODANOVICH
A204: JQX004017 | B204: 262 | C204: 14 | D204: =VLOOKUP(C204,manager!A:B,2) -> Mieres Lucas | E204: 29 | F204: 10 | G204: =VLOOKUP(F204,oficial!A:B,2) -> NICANOR FURLANI
A205: 27773119 | B205: 262 | C205: 14 | D205: =VLOOKUP(C205,manager!A:B,2) -> Mieres Lucas | E205: 180 | F205: 10 | G205: =VLOOKUP(F205,oficial!A:B,2) -> NICANOR FURLANI
A206: JQX006756 | B206: 263 | C206: 44 | D206: =VLOOKUP(C206,manager!A:B,2) -> Santiago Acuña | E206: 117 | F206: 96 | G206: =VLOOKUP(F206,oficial!A:B,2) -> TOMAS VODANOVICH
A207: JQX009560 | B207: 263 | C207: 44 | D207: =VLOOKUP(C207,manager!A:B,2) -> Santiago Acuña | E207: 220 | F207: 96 | G207: =VLOOKUP(F207,oficial!A:B,2) -> TOMAS VODANOVICH
A208: JQX010626 | B208: 264 | C208: 14 | D208: =VLOOKUP(C208,manager!A:B,2) -> Mieres Lucas | E208: 274A | F208: 96 | G208: =VLOOKUP(F208,oficial!A:B,2) -> TOMAS VODANOVICH
A209: JQX011244 | B209: 264 | C209: 14 | D209: =VLOOKUP(C209,manager!A:B,2) -> Mieres Lucas | E209: 274 | F209: 96 | G209: =VLOOKUP(F209,oficial!A:B,2) -> TOMAS VODANOVICH
A210: JQX001872 | B210: 265 | C210: 14 | D210: =VLOOKUP(C210,manager!A:B,2) -> Mieres Lucas | E210: 5 | F210: 10 | G210: =VLOOKUP(F210,oficial!A:B,2) -> NICANOR FURLANI
A211: 52890733 | B211: 265 | C211: 14 | D211: =VLOOKUP(C211,manager!A:B,2) -> Mieres Lucas | E211: 6 | F211: 10 | G211: =VLOOKUP(F211,oficial!A:B,2) -> NICANOR FURLANI
A212: JQX006533 | B212: 266 | C212: 25 | D212: =VLOOKUP(C212,manager!A:B,2) -> Goyheneix Esteban | E212: 112 | F212: 10 | G212: =VLOOKUP(F212,oficial!A:B,2) -> NICANOR FURLANI
A213: JQX008547 | B213: 266 | C213: 25 | D213: =VLOOKUP(C213,manager!A:B,2) -> Goyheneix Esteban | E213: 189 | F213: 10 | G213: =VLOOKUP(F213,oficial!A:B,2) -> NICANOR FURLANI
A214: TE8006511 | B214: 267 | C214: 14 | D214: =VLOOKUP(C214,manager!A:B,2) -> Mieres Lucas | E214: 164 | F214: 96 | G214: =VLOOKUP(F214,oficial!A:B,2) -> TOMAS VODANOVICH
A215: U2549184 | B215: 267 | C215: 14 | D215: =VLOOKUP(C215,manager!A:B,2) -> Mieres Lucas | E215: 320 | F215: 96 | G215: =VLOOKUP(F215,oficial!A:B,2) -> TOMAS VODANOVICH
A216: JQX011228 | B216: 268 | C216: 104 | D216: =VLOOKUP(C216,manager!A:B,2) -> Britos Ramon | E216: 292 | F216: 96 | G216: =VLOOKUP(F216,oficial!A:B,2) -> TOMAS VODANOVICH
A217: 77266769 | B217: 268 | C217: 14 | D217: =VLOOKUP(C217,manager!A:B,2) -> Mieres Lucas | E217: 268 | F217: 10 | G217: =VLOOKUP(F217,oficial!A:B,2) -> NICANOR FURLANI
A218: JQX006152 | B218: 269 | C218: 25 | D218: =VLOOKUP(C218,manager!A:B,2) -> Goyheneix Esteban | E218: 86A | F218: 10 | G218: =VLOOKUP(F218,oficial!A:B,2) -> NICANOR FURLANI
A219: JQX006160 | B219: 269 | C219: 25 | D219: =VLOOKUP(C219,manager!A:B,2) -> Goyheneix Esteban | E219: 86 | F219: 10 | G219: =VLOOKUP(F219,oficial!A:B,2) -> NICANOR FURLANI
A220: U4496596 | B220: 271 | C220: 71 | D220: =VLOOKUP(C220,manager!A:B,2) -> Speroni Hernan | E220: 157 | F220: 96 | G220: =VLOOKUP(F220,oficial!A:B,2) -> TOMAS VODANOVICH
A221: JQX007259 | B221: 271 | C221: 71 | D221: =VLOOKUP(C221,manager!A:B,2) -> Speroni Hernan | E221: 162 | F221: 96 | G221: =VLOOKUP(F221,oficial!A:B,2) -> TOMAS VODANOVICH
A222: JQX010139 | B222: 272 | C222: 13 | D222: =VLOOKUP(C222,manager!A:B,2) -> Linares Facundo | E222: 249 | F222: 15 | G222: =VLOOKUP(F222,oficial!A:B,2) -> TOBIAS MIRANDA
A223: JQX010170 | B223: 272 | C223: 13 | D223: =VLOOKUP(C223,manager!A:B,2) -> Linares Facundo | E223: 248 | F223: 15 | G223: =VLOOKUP(F223,oficial!A:B,2) -> TOBIAS MIRANDA
A224: JQX010303 | B224: 272 | C224: 13 | D224: =VLOOKUP(C224,manager!A:B,2) -> Linares Facundo | E224: 253 | F224: 15 | G224: =VLOOKUP(F224,oficial!A:B,2) -> TOBIAS MIRANDA
A225: U1216590 | B225: 273 | C225: 25 | D225: =VLOOKUP(C225,manager!A:B,2) -> Goyheneix Esteban | E225: 127 | F225: 96 | G225: =VLOOKUP(F225,oficial!A:B,2) -> TOMAS VODANOVICH
A226: JQQ003181 | B226: 273 | C226: 25 | D226: =VLOOKUP(C226,manager!A:B,2) -> Goyheneix Esteban | E226: 91 | F226: 96 | G226: =VLOOKUP(F226,oficial!A:B,2) -> TOMAS VODANOVICH
A227: JQX003340 | B227: 273 | C227: 25 | D227: =VLOOKUP(C227,manager!A:B,2) -> Goyheneix Esteban | E227: 113 | F227: 96 | G227: =VLOOKUP(F227,oficial!A:B,2) -> TOMAS VODANOVICH
A228: JQX004025 | B228: 274 | C228: 14 | D228: =VLOOKUP(C228,manager!A:B,2) -> Mieres Lucas | E228: 47 | F228: 10 | G228: =VLOOKUP(F228,oficial!A:B,2) -> NICANOR FURLANI
A229: JQX012382 | B229: 274 | C229: 14 | D229: =VLOOKUP(C229,manager!A:B,2) -> Mieres Lucas | E229: 314 | F229: 15 | G229: =VLOOKUP(F229,oficial!A:B,2) -> TOBIAS MIRANDA
A230: 54965712 | B230: 274 | C230: 14 | D230: =VLOOKUP(C230,manager!A:B,2) -> Mieres Lucas | E230: 195 | F230: 10 | G230: =VLOOKUP(F230,oficial!A:B,2) -> NICANOR FURLANI
A231: U3058171 | B231: 275 | C231: 14 | D231: =VLOOKUP(C231,manager!A:B,2) -> Mieres Lucas | E231: 135 | F231: 96 | G231: =VLOOKUP(F231,oficial!A:B,2) -> TOMAS VODANOVICH
A232: JQX005105 | B232: 275 | C232: 14 | D232: =VLOOKUP(C232,manager!A:B,2) -> Mieres Lucas | E232: 79 | F232: 10 | G232: =VLOOKUP(F232,oficial!A:B,2) -> NICANOR FURLANI
A233: JQX010790 | B233: 275 | C233: 14 | D233: =VLOOKUP(C233,manager!A:B,2) -> Mieres Lucas | E233: 278 | F233: 19 | G233: =VLOOKUP(F233,oficial!A:B,2) -> TOMAS VODANOVICH
A234: JQX010089 | B234: 276 | C234: 13 | D234: =VLOOKUP(C234,manager!A:B,2) -> Linares Facundo | E234: 243 | F234: 15 | G234: =VLOOKUP(F234,oficial!A:B,2) -> TOBIAS MIRANDA
A235: JQX010097 | B235: 276 | C235: 13 | D235: =VLOOKUP(C235,manager!A:B,2) -> Linares Facundo | E235: 244 | F235: 15 | G235: =VLOOKUP(F235,oficial!A:B,2) -> TOBIAS MIRANDA
A236: JQX010204 | B236: 276 | C236: 13 | D236: =VLOOKUP(C236,manager!A:B,2) -> Linares Facundo | E236: 250 | F236: 15 | G236: =VLOOKUP(F236,oficial!A:B,2) -> TOBIAS MIRANDA
...

Sheet oficial
A1: 2 | B1: JAVIER DE APELLANIZ
A2: 5 | B2: MIDDLE OFFICE
A3: 7 | B3: BRITOS RAMON
A4: 9 | B4: ALVANNY VILORIA
A5: 10 | B5: NICANOR FURLANI
A6: 11 | B6: OF A ASIGNAR
A7: 12 | B7: MESA
A8: 13 | B8: MARCELO ARIEL LIPOVETZKY
A9: 14 | B9: BRENDA MERINO
A10: 15 | B10: TOBIAS MIRANDA
A11: 16 | B11: JULIAN GONZALEZ
A12: 17 | B12: AGUSTIN FRERS
... A14: 19 | B14: TOMAS VODANOVICH

Sheet manager
A1: 1 | B1: Picolo Pablo
A2: 2 | B2: Family
A3: 3 | B3: Marotta Marcos
A4: 4 | B4: LANUSSE ANTONIO
A5: 5 | B5: Sicardi Jorge
A6: 6 | B6: NOGUER ESTEBAN
A7: 7 | B7: Travella Maximo
A8: 8 | B8: Montagna Alejandro
A9: 9 | B9: Grondona Tomas
A10: 10 | B10: Valenzuela Jorge
A11: 11 | B11: BRESCIA HORACIO
A12: 12 | B12: MORENO QUINTANA GONZALO
... A82: 151 | B82: Jaime Santamarina
